"col0","col1","col2","col3","col4"
"(__range)",48,48,"fillQ4blocks","/home/runner/work/bulk-builder/bulk-builder/pocs/vdot/q8dot.cpp"
"rng",6279,6279,"make_test_cases_eval","/home/runner/work/bulk-builder/bulk-builder/tests/test-backend-ops.cpp"
"ctx_ptr",269,269,"test_max_size_too_many_tensors","/home/runner/work/bulk-builder/bulk-builder/tests/test-alloc.cpp"
"ctx_ptr",292,292,"test_max_size_tensor_too_large","/home/runner/work/bulk-builder/bulk-builder/tests/test-alloc.cpp"
"ctx_ptr",312,312,"test_tensor_larger_than_max_size","/home/runner/work/bulk-builder/bulk-builder/tests/test-alloc.cpp"
"ctx_ptr",333,333,"test_not_enough_chunks","/home/runner/work/bulk-builder/bulk-builder/tests/test-alloc.cpp"
"ctx_ptr",355,355,"test_fill_leftover_space","/home/runner/work/bulk-builder/bulk-builder/tests/test-alloc.cpp"
"ctx_ptr",373,373,"test_view_inplace","/home/runner/work/bulk-builder/bulk-builder/tests/test-alloc.cpp"
"ctx_ptr",393,393,"test_reuse_and_free","/home/runner/work/bulk-builder/bulk-builder/tests/test-alloc.cpp"
"ctx_ptr",416,416,"test_merge_free_block","/home/runner/work/bulk-builder/bulk-builder/tests/test-alloc.cpp"
"ctx_ptr",441,441,"test_prefer_already_allocated_memory","/home/runner/work/bulk-builder/bulk-builder/tests/test-alloc.cpp"
"ctx_ptr",463,463,"test_multiple_buffer_types","/home/runner/work/bulk-builder/bulk-builder/tests/test-alloc.cpp"
"ctx_ptr",528,528,"test_buffer_size_zero","/home/runner/work/bulk-builder/bulk-builder/tests/test-alloc.cpp"
"ctx_ptr",557,557,"test_reallocation","/home/runner/work/bulk-builder/bulk-builder/tests/test-alloc.cpp"
"ctx_ptr",570,570,"test_reallocation","/home/runner/work/bulk-builder/bulk-builder/tests/test-alloc.cpp"
"_a",461,461,"test_multiple_buffer_types","/home/runner/work/bulk-builder/bulk-builder/tests/test-alloc.cpp"
"ctx_a_ptr",461,461,"test_multiple_buffer_types","/home/runner/work/bulk-builder/bulk-builder/tests/test-alloc.cpp"
"_b",462,462,"test_multiple_buffer_types","/home/runner/work/bulk-builder/bulk-builder/tests/test-alloc.cpp"
"ctx_b_ptr",462,462,"test_multiple_buffer_types","/home/runner/work/bulk-builder/bulk-builder/tests/test-alloc.cpp"
